{"cameraMode":{"drawMode":0,"name":"Shaded","section":"Shading Mode"},"sceneLighting":true,"audioPlay":false,"sceneViewState":{"showFog":true,"showMaterialUpdate":true,"showSkybox":true,"showFlares":true,"showImageEffects":true,"showParticleSystems":true},"in2DMode":false,"pivot":{"x":5.840253829956055,"y":-3.7636237144470217,"z":-0.6693013310432434},"rotation":{"x":-0.07285057008266449,"y":0.0881086140871048,"z":-0.006459834519773722,"w":-0.9934223294258118},"size":3.425842761993408,"orthographic":false}