{"cameraMode":{"drawMode":0,"name":"Shaded","section":"Shading Mode"},"sceneLighting":true,"audioPlay":false,"sceneViewState":{"showFog":true,"showMaterialUpdate":true,"showSkybox":true,"showFlares":true,"showImageEffects":true,"showParticleSystems":true},"in2DMode":false,"pivot":{"x":3.973346710205078,"y":-3.646186351776123,"z":1.5952703952789307},"rotation":{"x":-0.0322902537882328,"y":-0.2760733962059021,"z":-0.00926872156560421,"w":0.9605492949485779},"size":6.459150791168213,"orthographic":false}