{"cameraMode":{"drawMode":0,"name":"Shaded","section":"Shading Mode"},"sceneLighting":true,"audioPlay":false,"sceneViewState":{"showFog":true,"showMaterialUpdate":false,"showSkybox":true,"showFlares":true,"showImageEffects":true,"showParticleSystems":true},"in2DMode":false,"pivot":{"x":-38.15894317626953,"y":157.61331176757813,"z":53.132164001464847},"rotation":{"x":0.042252328246831897,"y":0.6101464033126831,"z":-0.03262779861688614,"w":0.7904881834983826},"size":29.323734283447267,"orthographic":false}