{"cameraMode":{"drawMode":0,"name":"Shaded","section":"Shading Mode"},"sceneLighting":false,"audioPlay":false,"sceneViewState":{"showFog":true,"showMaterialUpdate":false,"showSkybox":true,"showFlares":true,"showImageEffects":true,"showParticleSystems":true},"in2DMode":false,"pivot":{"x":1.3562238216400147,"y":-1.1469395160675049,"z":-3.797086238861084},"rotation":{"x":-0.14725466072559358,"y":0.33990350365638735,"z":0.053987015038728717,"w":0.9272902011871338},"size":5.877907752990723,"orthographic":false}