{"cameraMode":{"drawMode":3,"name":"Shadow Cascades","section":"Miscellaneous"},"sceneLighting":true,"audioPlay":false,"sceneViewState":{"showFog":true,"showMaterialUpdate":true,"showSkybox":true,"showFlares":true,"showImageEffects":true,"showParticleSystems":true},"in2DMode":false,"pivot":{"x":622.5670166015625,"y":379.22003173828127,"z":14.421263694763184},"rotation":{"x":0.019034359604120256,"y":-0.12684838473796845,"z":-0.0024360092356801035,"w":-0.9917364716529846},"size":399.06817626953127,"orthographic":false}