{"cameraMode":{"drawMode":0,"name":"Shaded","section":"Shading Mode"},"sceneLighting":false,"audioPlay":false,"sceneViewState":{"showFog":true,"showMaterialUpdate":false,"showSkybox":true,"showFlares":true,"showImageEffects":true,"showParticleSystems":true},"in2DMode":false,"pivot":{"x":0.10507893562316895,"y":-0.6869999766349793,"z":-5.266119956970215},"rotation":{"x":-0.4047325551509857,"y":-0.5813525915145874,"z":-0.40910691022872927,"w":0.575197696685791},"size":4.105559349060059,"orthographic":false}