{"cameraMode":{"drawMode":3,"name":"Shadow Cascades","section":"Miscellaneous"},"sceneLighting":true,"audioPlay":false,"sceneViewState":{"showFog":true,"showMaterialUpdate":true,"showSkybox":true,"showFlares":true,"showImageEffects":true,"showParticleSystems":true},"in2DMode":false,"pivot":{"x":121.90335845947266,"y":237.68287658691407,"z":-26.235265731811525},"rotation":{"x":-0.049783509224653247,"y":0.013778544962406159,"z":-0.0006982932100072503,"w":-0.9986647367477417},"size":749.20068359375,"orthographic":false}