{"cameraMode":{"drawMode":0,"name":"Shaded","section":"Shading Mode"},"sceneLighting":true,"audioPlay":false,"sceneViewState":{"showFog":true,"showMaterialUpdate":true,"showSkybox":true,"showFlares":true,"showImageEffects":true,"showParticleSystems":true},"in2DMode":false,"pivot":{"x":9.738667488098145,"y":-0.4363882541656494,"z":-2.1511871814727785},"rotation":{"x":-0.02518605999648571,"y":0.9296729564666748,"z":-0.06482095271348953,"w":-0.36176249384880068},"size":14.3911714553833,"orthographic":false}