{"cameraMode":{"drawMode":0,"name":"Shaded","section":"Shading Mode"},"sceneLighting":true,"audioPlay":false,"sceneViewState":{"showFog":true,"showMaterialUpdate":true,"showSkybox":true,"showFlares":true,"showImageEffects":true,"showParticleSystems":true},"in2DMode":false,"pivot":{"x":885.93359375,"y":383.1256103515625,"z":-32.21046447753906},"rotation":{"x":-0.09826789051294327,"y":-0.07400728017091751,"z":0.007326626218855381,"w":-0.9923773407936096},"size":724.8562622070313,"orthographic":false}