{"cameraMode":{"drawMode":3,"name":"Shadow Cascades","section":"Miscellaneous"},"sceneLighting":true,"audioPlay":false,"sceneViewState":{"showFog":true,"showMaterialUpdate":true,"showSkybox":true,"showFlares":true,"showImageEffects":true,"showParticleSystems":true},"in2DMode":false,"pivot":{"x":532.656982421875,"y":373.75555419921877,"z":-279.0589599609375},"rotation":{"x":0.0006003756425343454,"y":0.012354891747236252,"z":-0.00000932863804337103,"w":0.999923586845398},"size":487.3050842285156,"orthographic":false}