{"cameraMode":{"drawMode":0,"name":"Shaded","section":"Shading Mode"},"sceneLighting":true,"audioPlay":false,"sceneViewState":{"showFog":true,"showMaterialUpdate":true,"showSkybox":true,"showFlares":true,"showImageEffects":true,"showParticleSystems":true},"in2DMode":false,"pivot":{"x":0.49177539348602297,"y":-0.7419689893722534,"z":1.1722227334976197},"rotation":{"x":0.007210627663880587,"y":-0.2782188653945923,"z":0.0020974341314285995,"w":0.9604883790016174},"size":11.343199729919434,"orthographic":false}