{"cameraMode":{"drawMode":0,"name":"Shaded","section":"Shading Mode"},"sceneLighting":true,"audioPlay":false,"sceneViewState":{"showFog":true,"showMaterialUpdate":true,"showSkybox":true,"showFlares":true,"showImageEffects":true,"showParticleSystems":true},"in2DMode":false,"pivot":{"x":-7.46054744720459,"y":5.782717704772949,"z":-1.3966652154922486},"rotation":{"x":-0.04851237311959267,"y":0.9388390183448792,"z":0.30686259269714358,"w":0.14853745698928834},"size":24.155933380126954,"orthographic":false}