{"cameraMode":{"drawMode":0,"name":"Shaded","section":"Shading Mode"},"sceneLighting":true,"audioPlay":false,"sceneViewState":{"showFog":true,"showMaterialUpdate":true,"showSkybox":true,"showFlares":true,"showImageEffects":true,"showParticleSystems":true},"in2DMode":false,"pivot":{"x":4.593656063079834,"y":-3.3546459674835207,"z":-1.6803336143493653},"rotation":{"x":-0.010133126750588417,"y":0.4998478889465332,"z":-0.005850768182426691,"w":-0.866034209728241},"size":4.251598834991455,"orthographic":false}