{"cameraMode":{"drawMode":0,"name":"Shaded","section":"Shading Mode"},"sceneLighting":true,"audioPlay":false,"sceneViewState":{"showFog":true,"showMaterialUpdate":true,"showSkybox":true,"showFlares":true,"showImageEffects":true,"showParticleSystems":true},"in2DMode":false,"pivot":{"x":-5.553693771362305,"y":-0.46900296211242678,"z":-17.852609634399415},"rotation":{"x":-0.049991656094789508,"y":0.9427338242530823,"z":-0.16512978076934815,"w":-0.28545743227005007},"size":1.7157163619995118,"orthographic":false}