{"cameraMode":{"drawMode":3,"name":"Shadow Cascades","section":"Miscellaneous"},"sceneLighting":true,"audioPlay":false,"sceneViewState":{"showFog":true,"showMaterialUpdate":true,"showSkybox":true,"showFlares":true,"showImageEffects":true,"showParticleSystems":true},"in2DMode":false,"pivot":{"x":-3.2713193893432619,"y":-1.417280912399292,"z":-2.3030543327331545},"rotation":{"x":-0.006986044347286224,"y":0.9428794980049133,"z":-0.01981237344443798,"w":-0.3324710428714752},"size":15.380619049072266,"orthographic":false}