{"cameraMode":{"drawMode":0,"name":"Shaded","section":"Shading Mode"},"sceneLighting":true,"audioPlay":false,"sceneViewState":{"showFog":true,"showMaterialUpdate":true,"showSkybox":true,"showFlares":true,"showImageEffects":true,"showParticleSystems":true},"in2DMode":false,"pivot":{"x":682.5213623046875,"y":247.37478637695313,"z":6.940735340118408},"rotation":{"x":0.07209871709346771,"y":-0.189128577709198,"z":0.013932676985859871,"w":0.9792027473449707},"size":943.0744018554688,"orthographic":false}