{"cameraMode":{"drawMode":3,"name":"Shadow Cascades","section":"Miscellaneous"},"sceneLighting":true,"audioPlay":false,"sceneViewState":{"showFog":true,"showMaterialUpdate":true,"showSkybox":true,"showFlares":true,"showImageEffects":true,"showParticleSystems":true},"in2DMode":false,"pivot":{"x":-11.9514799118042,"y":0.40357524156570437,"z":-5.286579132080078},"rotation":{"x":-0.10284195840358734,"y":-0.30630359053611758,"z":0.033294789493083957,"w":-0.9457764625549316},"size":19.13876724243164,"orthographic":false}