{"cameraMode":{"drawMode":0,"name":"Shaded","section":"Shading Mode"},"sceneLighting":true,"audioPlay":false,"sceneViewState":{"showFog":true,"showMaterialUpdate":true,"showSkybox":true,"showFlares":true,"showImageEffects":true,"showParticleSystems":true},"in2DMode":false,"pivot":{"x":13.278751373291016,"y":-0.23575825989246369,"z":-5.436061382293701},"rotation":{"x":-0.07551390677690506,"y":0.8819789886474609,"z":-0.15150269865989686,"w":-0.4398382604122162},"size":20.283254623413087,"orthographic":false}