{"cameraMode":{"drawMode":0,"name":"Shaded","section":"Shading Mode"},"sceneLighting":true,"audioPlay":false,"sceneViewState":{"showFog":true,"showMaterialUpdate":true,"showSkybox":true,"showFlares":true,"showImageEffects":true,"showParticleSystems":true},"in2DMode":false,"pivot":{"x":5.349150657653809,"y":-2.473073959350586,"z":0.1309651881456375},"rotation":{"x":-0.07669691741466522,"y":0.44463154673576357,"z":-0.03824763372540474,"w":-0.8916038870811462},"size":19.18610954284668,"orthographic":false}