{"cameraMode":{"drawMode":3,"name":"Shadow Cascades","section":"Miscellaneous"},"sceneLighting":true,"audioPlay":false,"sceneViewState":{"showFog":true,"showMaterialUpdate":true,"showSkybox":true,"showFlares":true,"showImageEffects":true,"showParticleSystems":true},"in2DMode":false,"pivot":{"x":763.2847290039063,"y":327.5626220703125,"z":-196.3248291015625},"rotation":{"x":-0.049783509224653247,"y":0.013778544962406159,"z":-0.0006982932100072503,"w":-0.9986647367477417},"size":461.27001953125,"orthographic":false}