{"cameraMode":{"drawMode":0,"name":"Shaded","section":"Shading Mode"},"sceneLighting":false,"audioPlay":false,"sceneViewState":{"showFog":true,"showMaterialUpdate":false,"showSkybox":true,"showFlares":true,"showImageEffects":true,"showParticleSystems":true},"in2DMode":false,"pivot":{"x":292.4563293457031,"y":211.3487091064453,"z":894.9224853515625},"rotation":{"x":0.11910286545753479,"y":0.4465818405151367,"z":-0.06010895594954491,"w":0.8847407102584839},"size":15.840991973876954,"orthographic":false}