{"cameraMode":{"drawMode":0,"name":"Shaded","section":"Shading Mode"},"sceneLighting":false,"audioPlay":false,"sceneViewState":{"showFog":true,"showMaterialUpdate":false,"showSkybox":true,"showFlares":true,"showImageEffects":true,"showParticleSystems":true},"in2DMode":false,"pivot":{"x":292.4563293457031,"y":211.3487091064453,"z":894.9224853515625},"rotation":{"x":-0.0581311471760273,"y":0.37199559807777407,"z":0.02335868775844574,"w":0.9261179566383362},"size":10.274663925170899,"orthographic":false}