{"cameraMode":{"drawMode":0,"name":"Shaded","section":"Shading Mode"},"sceneLighting":false,"audioPlay":false,"sceneViewState":{"showFog":true,"showMaterialUpdate":false,"showSkybox":true,"showFlares":true,"showImageEffects":true,"showParticleSystems":true},"in2DMode":false,"pivot":{"x":0.8671419024467468,"y":-0.8562494516372681,"z":-4.16477108001709},"rotation":{"x":-0.137148916721344,"y":-0.038852758705616,"z":-0.005405705887824297,"w":0.9897734522819519},"size":5.416041374206543,"orthographic":false}