{"cameraMode":{"drawMode":0,"name":"Shaded","section":"Shading Mode"},"sceneLighting":false,"audioPlay":false,"sceneViewState":{"showFog":true,"showMaterialUpdate":false,"showSkybox":true,"showFlares":true,"showImageEffects":true,"showParticleSystems":true},"in2DMode":false,"pivot":{"x":1.3562238216400147,"y":-1.1469395160675049,"z":-3.797086238861084},"rotation":{"x":-0.09403426945209503,"y":0.3812902867794037,"z":0.039031486958265308,"w":0.9188317656517029},"size":7.957182884216309,"orthographic":false}