{"cameraMode":{"drawMode":0,"name":"Shaded","section":"Shading Mode"},"sceneLighting":false,"audioPlay":false,"sceneViewState":{"showFog":true,"showMaterialUpdate":false,"showSkybox":true,"showFlares":true,"showImageEffects":true,"showParticleSystems":true},"in2DMode":false,"pivot":{"x":1.3562238216400147,"y":-1.1469395160675049,"z":-3.797086238861084},"rotation":{"x":0.04174140840768814,"y":0.37318623065948489,"z":-0.016800114884972574,"w":0.9266647100448608},"size":9.903194427490235,"orthographic":false}