{"cameraMode":{"drawMode":0,"name":"Shaded","section":"Shading Mode"},"sceneLighting":false,"audioPlay":false,"sceneViewState":{"showFog":true,"showMaterialUpdate":false,"showSkybox":true,"showFlares":true,"showImageEffects":true,"showParticleSystems":true},"in2DMode":false,"pivot":{"x":1.3562238216400147,"y":-1.1469395160675049,"z":-3.797086238861084},"rotation":{"x":0.03483302518725395,"y":0.5985108017921448,"z":-0.026050755754113199,"w":0.7999330759048462},"size":12.00360107421875,"orthographic":false}