{"cameraMode":{"drawMode":0,"name":"Shaded","section":"Shading Mode"},"sceneLighting":false,"audioPlay":false,"sceneViewState":{"showFog":true,"showMaterialUpdate":false,"showSkybox":true,"showFlares":true,"showImageEffects":true,"showParticleSystems":true},"in2DMode":false,"pivot":{"x":1.9626879692077637,"y":-2.077455759048462,"z":4.106766700744629},"rotation":{"x":-0.07165440917015076,"y":0.4223015606403351,"z":0.03351964056491852,"w":0.9029969573020935},"size":6.853025913238525,"orthographic":false}