{"cameraMode":{"drawMode":0,"name":"Shaded","section":"Shading Mode"},"sceneLighting":true,"audioPlay":false,"sceneViewState":{"showFog":true,"showMaterialUpdate":true,"showSkybox":true,"showFlares":true,"showImageEffects":true,"showParticleSystems":true},"in2DMode":false,"pivot":{"x":-7.46054744720459,"y":5.782717704772949,"z":-1.3966652154922486},"rotation":{"x":-0.04851236566901207,"y":0.9388388991355896,"z":0.30686256289482119,"w":0.14853744208812715},"size":24.155933380126954,"orthographic":false}