{"cameraMode":{"drawMode":0,"name":"Shaded","section":"Shading Mode"},"sceneLighting":true,"audioPlay":false,"sceneViewState":{"showFog":true,"showMaterialUpdate":true,"showSkybox":true,"showFlares":true,"showImageEffects":true,"showParticleSystems":true},"in2DMode":false,"pivot":{"x":404.7060546875,"y":209.64830017089845,"z":953.263671875},"rotation":{"x":0.02107549086213112,"y":0.45441439747810366,"z":0.010833902284502983,"w":-0.8904751539230347},"size":7.829704761505127,"orthographic":false}