{"cameraMode":{"drawMode":0,"name":"Shaded","section":"Shading Mode"},"sceneLighting":true,"audioPlay":false,"sceneViewState":{"showFog":true,"showMaterialUpdate":true,"showSkybox":true,"showFlares":true,"showImageEffects":true,"showParticleSystems":true},"in2DMode":false,"pivot":{"x":391.3358154296875,"y":199.01779174804688,"z":938.4922485351563},"rotation":{"x":-0.033783286809921268,"y":0.9628585577011108,"z":-0.1440451294183731,"w":-0.2258610874414444},"size":92.74638366699219,"orthographic":false}