{"cameraMode":{"drawMode":3,"name":"Shadow Cascades","section":"Miscellaneous"},"sceneLighting":true,"audioPlay":false,"sceneViewState":{"showFog":true,"showMaterialUpdate":true,"showSkybox":true,"showFlares":true,"showImageEffects":true,"showParticleSystems":true},"in2DMode":false,"pivot":{"x":13.880000114440918,"y":-1.2400001287460328,"z":7.639998912811279},"rotation":{"x":-0.08085808157920838,"y":0.8255001306533814,"z":-0.12249762564897537,"w":-0.5449824929237366},"size":5.970642566680908,"orthographic":false}