{"cameraMode":{"drawMode":0,"name":"Shaded","section":"Shading Mode"},"sceneLighting":false,"audioPlay":false,"sceneViewState":{"showFog":true,"showMaterialUpdate":false,"showSkybox":true,"showFlares":true,"showImageEffects":true,"showParticleSystems":true},"in2DMode":false,"pivot":{"x":0.3750709295272827,"y":-1.2840173244476319,"z":3.163003444671631},"rotation":{"x":0.06910227984189987,"y":0.9133920073509216,"z":0.3611060082912445,"w":-0.174763485789299},"size":4.308866024017334,"orthographic":false}