{"cameraMode":{"drawMode":0,"name":"Shaded","section":"Shading Mode"},"sceneLighting":true,"audioPlay":false,"sceneViewState":{"showFog":true,"showMaterialUpdate":true,"showSkybox":true,"showFlares":true,"showImageEffects":true,"showParticleSystems":true},"in2DMode":false,"pivot":{"x":0.5120576024055481,"y":-3.325807571411133,"z":4.560461044311523},"rotation":{"x":-0.12166544049978256,"y":0.3572883903980255,"z":-0.047002002596855167,"w":-0.924842357635498},"size":12.324566841125489,"orthographic":false}