{"cameraMode":{"drawMode":3,"name":"Shadow Cascades","section":"Miscellaneous"},"sceneLighting":true,"audioPlay":false,"sceneViewState":{"showFog":true,"showMaterialUpdate":true,"showSkybox":true,"showFlares":true,"showImageEffects":true,"showParticleSystems":true},"in2DMode":false,"pivot":{"x":-5.058804988861084,"y":-2.4099369049072267,"z":0.07698583602905274},"rotation":{"x":-0.09522224962711334,"y":0.13868476450443269,"z":-0.013399467803537846,"w":-0.9856570363044739},"size":13.440512657165528,"orthographic":false}