{"cameraMode":{"drawMode":0,"name":"Shaded","section":"Shading Mode"},"sceneLighting":true,"audioPlay":false,"sceneViewState":{"showFog":true,"showMaterialUpdate":true,"showSkybox":true,"showFlares":true,"showImageEffects":true,"showParticleSystems":true},"in2DMode":false,"pivot":{"x":-2.8569021224975588,"y":-3.9096784591674806,"z":-3.8288357257843019},"rotation":{"x":-0.030698897317051889,"y":0.794617772102356,"z":-0.04032284766435623,"w":-0.6049911379814148},"size":15.575505256652832,"orthographic":false}