{"cameraMode":{"drawMode":0,"name":"Shaded","section":"Shading Mode"},"sceneLighting":false,"audioPlay":false,"sceneViewState":{"showFog":true,"showMaterialUpdate":true,"showSkybox":true,"showFlares":true,"showImageEffects":true,"showParticleSystems":true},"in2DMode":false,"pivot":{"x":437.2906494140625,"y":202.48519897460938,"z":1002.7412109375},"rotation":{"x":0.1435500532388687,"y":0.8304383754730225,"z":-0.25007349252700808,"w":0.47668513655662539},"size":28.720487594604493,"orthographic":false}